Uniprot id,Gene,Pep Count,log2_fc,q-value
O00574,CXCR6,2,5.718,0
P19397,CD53,3,5.408,0
P09564,CD7,2,5.369,0
P05187,ALPP,13,5.225,0
Q07075,ENPEP,40,5.153,0
P22732,SLC2A5,9,5.081,0
P15509,CSF2RA,14,5.033,0
P15328,FOLR1,2,4.848,0
P13726,F3,8,4.836,0
Q9BYF1,ACE2,4,4.83,0
P25106,ACKR3,3,4.825,0
Q6Q4G3,LVRN,28,4.801,0
O95274,LYPD3,2,4.778,0
Q14002,CEACAM7,2,4.731,0
O95477,ABCA1,111,4.688,0
P78380,OLR1,2,4.661,0
P34910,EVI2B,7,4.644,0
P10696,ALPG,25,4.638,0
P22607,FGFR3,16,4.625,0
Q92887,ABCC2,32,4.599,0
P34972,CNR2,9,4.569,0
P98164,LRP2,106,4.55,0
P13796,LCP1,21,4.525,0
P08887,IL6R,7,4.493,0
Q14956,GPNMB,7,4.45,0
P58107,EPPK1,100,4.333,0
Q6ZQN7,SLCO4C1,13,4.331,0
P55017,SLC12A3,18,4.33,0
P48960,CD97,17,4.313,0
Q9UGT4,SUSD2,27,4.2,0
Q6P5W5,SLC39A4,3,4.193,0
Q695T7,SLC6A19,5,4.168,0
Q5TF39,MFSD4B,5,4.109,0
Q03431,PTH1R,3,4.032,0
Q9NSA0,SLC22A11,2,3.994,0.000009
O75051,PLXNA2,47,3.974,0
Q9UM01,SLC7A7,5,3.92,0
P09758,TACSTD2,8,3.91,0
Q8WWY8,LIPH,11,3.878,0
Q9HC56,PCDH9,4,3.834,0
Q9UNQ0,ABCG2,17,3.81,0
P36269,GGT5,11,3.804,0
Q9BZV2,SLC19A3,7,3.73,0
Q16849,PTPRN,3,3.725,0
Q99650,OSMR,14,3.715,0
P13688,CEACAM1,5,3.712,0
Q13467,FZD5,6,3.701,0
P51685,CCR8,2,3.667,0
Q8TDB8,SLC2A14,2,3.507,0
Q8NFJ5,GPRC5A,6,3.496,0
P40189,IL6ST,23,3.493,0
Q96JP9,CDHR1,12,3.48,0
Q92729,PTPRU,37,3.47,0
P55085,F2RL1,11,3.4,0.000001
Q9BXB1,LGR4,13,3.377,0
Q5MY95,ENTPD8,5,3.369,0
Q9BZM6,ULBP1,8,3.367,0
Q9Y3Z3,SAMHD1,41,3.366,0
P17931,LGALS3,6,3.348,0
Q9NZQ7,CD274,6,3.347,0
P56730,PRSS12,7,3.341,0
Q9Y210,TRPC6,4,3.304,0
P15309,ACPP,2,3.266,0
Q92911,SLC5A5,3,3.241,0
Q9NRQ2,PLSCR4,4,3.24,0
P04083,ANXA1,10,3.235,0
P15151,PVR,10,3.221,0
P32970,CD70,4,3.211,0.000002
Q92835,INPP5D,5,3.188,0
Q9UQF0,ERVW-1,2,3.182,0
P15144,ANPEP,49,3.163,0
Q02539,HIST1H1A,4,3.154,0
Q8TF71,SLC16A10,9,3.13,0
Q8N9I0,SYT2,13,3.127,0
P41273,TNFSF9,4,3.12,0
P60903,S100A10,5,3.065,0
Q5T9A4,ATAD3B,15,3.054,0
P19440,GGT1,16,3.036,0
O14494,PLPP1,2,3.034,0
Q6P4Q7,CNNM4,41,3.032,0
Q9Y5S1,TRPV2,3,3.03,0
Q9Y5J5,PHLDA3,4,3.028,0
Q9Y446,PKP3,28,3.026,0
P31431,SDC4,8,3.021,0.000315
P59190,RAB15,8,3.011,0
Q9NQ36,SCUBE2,2,3.002,0.000005
Q9Y4D7,PLXND1,73,2.977,0
P46020,PHKA1,17,2.971,0
Q9UL52,TMPRSS11E,5,2.886,0
P14317,HCLS1,2,2.878,0.000001
P04920,SLC4A2,48,2.837,0
Q5T5C0,STXBP5,2,2.793,0
Q9HBG4,ATP6V0A4,8,2.767,0
Q8NBS3,SLC4A11,20,2.747,0
P17181,IFNAR1,8,2.715,0
Q9UHW9,SLC12A6,42,2.711,0
Q86VE9,SERINC5,5,2.693,0
Q09666,AHNAK,42,2.68,0
Q93038,TNFRSF25,2,2.649,0
Q96NI6,LRFN5,2,2.64,0
P30511,HLA-F,2,2.637,0
Q9NZU0,FLRT3,22,2.634,0.000002
Q8N387,MUC15,5,2.626,0
P51795,CLCN5,6,2.624,0
B0I1T2,MYO1G,13,2.607,0
Q9HCJ1,ANKH,3,2.576,0
Q8IZJ1,UNC5B,22,2.567,0.000001
P42685,FRK,3,2.522,0
P19634,SLC9A1,27,2.475,0
P07355,ANXA2,32,2.459,0
P08727,KRT19,4,2.454,0
Q99653,CHP1,10,2.447,0
P33151,CDH5,6,2.446,0.000098
Q9UHX3,ADGRE2,3,2.446,0
P09486,SPARC,2,2.425,0
Q9NY47,CACNA2D2,41,2.398,0
P43003,SLC1A3,15,2.38,0
Q5T9L3,WLS,2,2.379,0
O75146,HIP1R,27,2.378,0
P08582,MELTF,3,2.377,0
Q06787,FMR1,6,2.376,0
Q9NZM1,MYOF,21,2.342,0
Q15375,EPHA7,24,2.342,0.000005
P12429,ANXA3,6,2.338,0
P08842,STS,2,2.335,0
Q9UGH3,SLC23A2,15,2.328,0
Q6J4K2,SLC8B1,2,2.327,0
Q9Y624,F11R,20,2.319,0
P48551,IFNAR2,3,2.316,0.000001
Q96C24,SYTL4,6,2.315,0
O75144,ICOSLG,6,2.294,0
Q12979,ABR,12,2.292,0
Q9H156,SLITRK2,5,2.291,0.000001
P11279,LAMP1,8,2.29,0.000023
P16284,PECAM1,12,2.277,0.000006
P00813,ADA,10,2.277,0
P55042,RRAD,4,2.276,0
O43451,MGAM,4,2.248,0
Q9ULT6,ZNRF3,4,2.236,0
Q15149,PLEC,103,2.227,0
O15121,DEGS1,3,2.209,0
Q96AP7,ESAM,4,2.2,0.000001
O60242,ADGRB3,10,2.184,0
P58335,ANTXR2,11,2.183,0
Q5KU26,COLEC12,6,2.16,0.000001
Q9Y287,ITM2B,5,2.159,0
Q86X27,RALGPS2,4,2.123,0.000022
Q9HD26,GOPC,12,2.113,0
P13637,ATP1A3,28,2.094,0
P17302,GJA1,14,2.09,0
Q9UHN6,CEMIP2,70,2.049,0
Q03167,TGFBR3,12,2.04,0.021353
Q13445,TMED1,5,2.033,0.000001
Q9UIQ6,LNPEP,23,2.029,0
Q9NP59,SLC40A1,4,2.027,0
P02649,APOE,25,2.026,0.000002
Q92581,SLC9A6,16,2.023,0
P49585,PCYT1A,7,2.023,0
P08174,CD55,2,2.022,0
O43291,SPINT2,2,2.018,0.000001
P20645,M6PR,7,2.017,0.000003
P61225,RAP2B,5,2.002,0.000001
Q08334,IL10RB,6,1.996,0
P05362,ICAM1,21,1.988,0.000006
P16234,PDGFRA,6,1.979,0
Q96NY8,NECTIN4,2,1.972,0.000001
Q9BRY0,SLC39A3,2,1.97,0
Q8NHX9,TPCN2,5,1.958,0.000001
Q15464,SHB,4,1.945,0.000001
O43493,TGOLN2,20,1.938,0.000027
Q9BX95,SGPP1,2,1.928,0.000001
P54652,HSPA2,16,1.916,0.000001
P46059,SLC15A1,8,1.911,0.000006
P15291,B4GALT1,10,1.901,0.000001
Q5UIP0,RIF1,27,1.901,0.000002
Q13488,TCIRG1,5,1.897,0.000004
P13473,LAMP2,4,1.893,0.00006
O14917,PCDH17,2,1.884,0.000098
Q15760,GPR19,10,1.873,0.000001
Q6YHK3,CD109,44,1.865,0.000148
Q9H7F0,ATP13A3,36,1.86,0.000003
P05141,SLC25A5,5,1.856,0
P22303,ACHE,10,1.854,0.000002
O43570,CA12,9,1.852,0.000006
P40199,CEACAM6,3,1.847,0.000001
Q96F46,IL17RA,17,1.842,0.000002
Q02297,NRG1,9,1.825,0.000002
Q99549,MPHOSPH8,2,1.818,0.000259
Q7Z2H8,SLC36A1,2,1.812,0.000003
Q9UJ14,GGT7,13,1.8,0.000001
O75121,MFAP3L,6,1.797,0.000008
P35237,SERPINB6,6,1.797,0.000001
O14786,NRP1,2,1.793,0.000048
Q9UQC2,GAB2,6,1.79,0.000003
Q9GZU1,MCOLN1,6,1.786,0.000004
P80723,BASP1,4,1.783,0.000005
Q9ULI3,HEG1,7,1.78,0.000022
P27487,DPP4,12,1.778,0.000001
P35579,MYH9,109,1.774,0.000042
P08195,SLC3A2,50,1.764,0.000002
Q9UK23,NAGPA,3,1.752,0.000001
Q9H0C3,TMEM117,5,1.749,0
P15941,MUC1,3,1.747,0.000009
P06213,INSR,50,1.746,0.000001
Q96NE9,FRMD6,5,1.744,0
P28827,PTPRM,26,1.744,0.000011
O94985,CLSTN1,4,1.736,0.000002
Q13393,PLD1,4,1.735,0.000001
P29597,TYK2,13,1.731,0.000003
P02786,TFRC,48,1.731,0.000004
P52569,SLC7A2,16,1.727,0.000001
Q9BSA4,TTYH2,11,1.722,0.000013
Q12907,LMAN2,12,1.708,0.000001
Q9UDY4,DNAJB4,3,1.704,0.000001
Q13873,BMPR2,21,1.701,0.000008
Q9BQE4,SELENOS,4,1.698,0.000003
Q9UI12,ATP6V1H,19,1.688,0.000002
Q8TAD4,SLC30A5,3,1.681,0.000001
Q13415,ORC1,3,1.677,0.000001
P52735,VAV2,23,1.673,0.000002
P54289,CACNA2D1,41,1.671,0
Q9BRK3,MXRA8,7,1.641,0.000097
P14384,CPM,3,1.621,0.000036
Q6P1M0,SLC27A4,17,1.61,0.000002
Q8IX05,CD302,2,1.609,0.000005
O75695,RP2,7,1.603,0.000009
P15924,DSP,112,1.594,0.000008
Q08722,CD47,8,1.588,0.000002
P21802,FGFR2,21,1.581,0.000006
Q8NB49,ATP11C,48,1.58,0.000001
Q9BTW9,TBCD,28,1.579,0.000004
O76082,SLC22A5,9,1.576,0.000003
Q9UNN8,PROCR,7,1.574,0.000062
P53597,SUCLG1,2,1.564,0.000412
Q7LDG7,RASGRP2,9,1.563,0.00001
Q6P0Q8,MAST2,3,1.557,0.00001
Q06481,APLP2,26,1.554,0.000032
P17405,SMPD1,2,1.548,0.000014
Q92796,DLG3,15,1.547,0.000002
P43121,MCAM,32,1.544,0.000005
Q92959,SLCO2A1,7,1.54,0.000016
Q8TDF6,RASGRP4,3,1.533,0.000001
Q9NPF0,CD320,3,1.531,0.000153
Q9Y4D2,DAGLA,4,1.53,0.000004
P48029,SLC6A8,14,1.514,0.000008
Q9Y487,ATP6V0A2,18,1.509,0.000006
P51790,CLCN3,11,1.503,0.000005
Q13443,ADAM9,8,1.501,0.000006
Q8IWA5,SLC44A2,21,1.49,0.000008
Q9HAS3,SLC28A3,4,1.486,0.000032
Q6NYC1,JMJD6,3,1.483,0.000006
P51809,VAMP7,3,1.481,0.000016
Q8TCT8,SPPL2A,5,1.474,0.000007
Q9BSR8,YIPF4,2,1.468,0.000027
Q12866,MERTK,32,1.467,0.000006
Q8WVQ1,CANT1,5,1.463,0.000002
Q9Y5E6,PCDHB3,2,1.46,0.000029
Q13286,CLN3,4,1.449,0.000537
Q7KYR7,BTN2A1,25,1.447,0.000008
P12821,ACE,32,1.446,0.000008
P49961,ENTPD1,7,1.443,0.000008
Q5SW96,LDLRAP1,6,1.442,0.000004
Q8NI35,PATJ,24,1.436,0.000004
O95436,SLC34A2,13,1.432,0.000021
Q6UXM1,LRIG3,17,1.428,0.00002
Q15125,EBP,2,1.426,0.000034
P49755,TMED10,11,1.408,0.000003
O15031,PLXNB2,86,1.407,0.000013
Q9UPY5,SLC7A11,12,1.402,0.000013
Q12809,KCNH2,8,1.4,0.000008
Q9GZM5,YIPF3,9,1.398,0.000007
Q92797,SYMPK,38,1.397,0.000016
Q93096,PTP4A1,6,1.397,0.000004
O75369,FLNB,78,1.395,0.000004
Q96PV0,SYNGAP1,2,1.391,0.000004
P38606,ATP6V1A,23,1.387,0.000009
O15258,RER1,10,1.38,0.000047
Q8IUW5,RELL1,10,1.376,0.000009
P51811,XK,4,1.373,0.00001
O43155,FLRT2,6,1.362,0.00004
O75787,ATP6AP2,3,1.358,0.000016
P52597,HNRNPF,13,1.354,0.000006
P02787,TF,16,1.351,0.00002
Q96GC9,VMP1,4,1.348,0.000017
Q9H813,PACC1,6,1.345,0.000002
P01130,LDLR,15,1.342,0.000085
O00400,SLC33A1,8,1.341,0.00002
P27105,STOM,11,1.339,0.000009
Q13277,STX3,5,1.338,0.000285
Q9HDB9,ERVK-5,7,1.336,0.000005
Q9Y6D0,SELENOK,2,1.335,0.000009
Q29RF7,PDS5A,35,1.334,0.00003
P05787,KRT8,17,1.308,0.000044
Q9NZC3,GDE1,4,1.306,0.000014
P16144,ITGB4,59,1.3,0.000223
P22455,FGFR4,15,1.298,0.000015
O60353,FZD6,10,1.293,0.000052
Q16563,SYPL1,3,1.293,0.000005
Q96S97,MYADM,4,1.292,0.000166
Q9H6S3,EPS8L2,3,1.29,0.000214
P05023,ATP1A1,53,1.289,0.000009
O43657,TSPAN6,2,1.287,0.000016
P05026,ATP1B1,24,1.287,0.000018
Q01959,SLC6A3,3,1.284,0.000012
O75907,DGAT1,3,1.283,0.000066
Q96D31,ORAI1,6,1.281,0.000012
P09958,FURIN,2,1.274,0.000011
Q8TCT9,HM13,9,1.271,0.000103
Q96JJ7,TMX3,11,1.269,0.000042
Q12913,PTPRJ,38,1.267,0.000007
Q99523,SORT1,14,1.265,0.000019
Q13530,SERINC3,10,1.261,0.000005
Q9UP95,SLC12A4,26,1.26,0.000018
Q8NHL6,LILRB1,2,1.254,0.00016
P43004,SLC1A2,2,1.253,0.000019
Q9H4A6,GOLPH3,15,1.241,0.00008
Q9UMD9,COL17A1,6,1.239,0.000021
Q96RT1,ERBIN,39,1.238,0.000036
Q9BXL8,CDCA4,2,1.234,0.001886
Q9C0B5,ZDHHC5,19,1.227,0.00002
Q07021,C1QBP,4,1.226,0.000031
Q8IVT2,MISP,2,1.225,0.003533
Q8N4M1,SLC44A3,2,1.223,0.000028
O15111,CHUK,5,1.217,0.000126
Q9NV96,TMEM30A,18,1.207,0.000009
Q9NY64,SLC2A8,2,1.206,0.00002
Q9H4G0,EPB41L1,8,1.203,0.000013
Q86YC3,NRROS,5,1.198,0.000037
O75354,ENTPD6,3,1.196,0.00003
O95219,SNX4,7,1.187,0.000025
P54709,ATP1B3,19,1.178,0.000022
Q8N423,LILRB2,5,1.175,0.000027
O75110,ATP9A,8,1.168,0.000021
O43572,AKAP10,6,1.167,0.000072
Q02952,AKAP12,78,1.162,0.000015
Q9GZP1,NRSN2,2,1.149,0.000046
Q9NRX5,SERINC1,3,1.147,0.00001
Q9H2K8,TAOK3,14,1.146,0.000031
Q99805,TM9SF2,10,1.143,0.00004
P16070,CD44,13,1.142,0.000038
P13797,PLS3,17,1.141,0.000014
Q9UHG3,PCYOX1,18,1.118,0.001292
P42892,ECE1,51,1.103,0.000038
Q96FQ6,S100A16,3,1.1,0.000069
Q86SQ4,ADGRG6,3,1.097,0.000045
Q9Y639,NPTN,16,1.093,0.000051
Q14451,GRB7,11,1.092,0.000065
P17706,PTPN2,24,1.09,0.000058
Q86X29,LSR,14,1.088,0.00003
P46459,NSF,26,1.084,0.000055
P61421,ATP6V0D1,8,1.083,0.000055
O15126,SCAMP1,4,1.078,0.000034
Q9NQ84,GPRC5C,11,1.077,0.000207
O43490,PROM1,45,1.077,0.000327
Q01650,SLC7A5,10,1.074,0.000149
Q99623,PHB2,20,1.068,0.000086
P30519,HMOX2,8,1.061,0.00015
Q8TD16,BICD2,4,1.06,0.000063
Q02487,DSC2,14,1.058,0.007285
P98196,ATP11A,36,1.054,0.000068
Q9BV57,ADI1,7,1.052,0.000403
Q969F2,NKD2,4,1.045,0.000029
P35232,PHB,15,1.04,0.000224
Q99714,HSD17B10,11,1.034,0.000078
Q96NT5,SLC46A1,2,1.032,0.000068
Q9NRA2,SLC17A5,4,1.03,0.00149
P20138,CD33,2,1.028,0.000546
P42680,TEC,2,1.027,0.003809
Q93050,ATP6V0A1,25,1.026,0.000076
Q8IVY1,C1orf210,2,1.026,0.000248
P42679,MATK,2,1.021,0.00101
Q86WA9,SLC26A11,5,1.017,0.000161
Q7Z3J2,VPS35L,5,1.013,0.000173
P12235,SLC25A4,3,1.01,0.000097
Q96J84,KIRREL1,34,1.009,0.000145
Q641Q2,WASHC2A,3,1.007,0.001112
Q14165,MLEC,9,1.006,0.002266
P48509,CD151,5,1,0.002468
Q9Y219,JAG2,5,0.998,0.000125
O15400,STX7,7,0.995,0.000082
O14578,CIT,24,0.989,0.000808
Q99541,PLIN2,12,0.973,0.001058
Q92692,NECTIN2,20,0.971,0.000122
P07602,PSAP,4,0.967,0.005256
P17152,TMEM11,5,0.958,0.000756
O15440,ABCC5,58,0.957,0.000159
P04156,PRNP,3,0.954,0.00034
Q00325,SLC25A3,27,0.953,0.000313
P35670,ATP7B,2,0.952,0.000275
Q8TCG2,PI4K2B,3,0.95,0.000124
Q04656,ATP7A,14,0.95,0.00078
Q13796,SHROOM2,16,0.939,0.000468
O96005,CLPTM1,21,0.937,0.000089
Q01628,IFITM3,3,0.936,0.000144
P35240,NF2,2,0.934,0.00016
P42785,PRCP,6,0.928,0.002028
P11021,HSPA5,47,0.927,0.001035
P38398,BRCA1,3,0.924,0.000352
Q8IZH2,XRN1,3,0.923,0.000202
Q9P2B2,PTGFRN,43,0.92,0.000317
P49768,PSEN1,6,0.918,0.00009
O00462,MANBA,8,0.918,0.001208
P06576,ATP5F1B,20,0.914,0.001457
Q2Y0W8,SLC4A8,27,0.911,0.000286
Q8NFF5,FLAD1,9,0.901,0.000203
A0A1B0GTQ4,MYMX,3,0.899,0.001011
Q9BX67,JAM3,9,0.899,0.000198
Q02978,SLC25A11,16,0.898,0.001957
Q04771,ACVR1,8,0.897,0.000225
O60637,TSPAN3,4,0.892,0.001302
Q96BI3,APH1A,3,0.889,0.001631
P51572,BCAP31,16,0.888,0.000467
Q9Y4E1,WASHC2C,3,0.886,0.000521
O00522,KRIT1,19,0.885,0.00063
Q8N0X7,SPART,13,0.884,0.000285
O75128,COBL,8,0.88,0.000487
Q12846,STX4,8,0.871,0.002133
Q8NCG7,DAGLB,9,0.861,0.0003
Q9ULV4,CORO1C,10,0.858,0.002721
Q96AE7,TTC17,13,0.854,0.000403
Q6Q0C0,TRAF7,2,0.851,0.000925
Q15067,ACOX1,3,0.847,0.005212
P78310,CXADR,32,0.846,0.000356
Q15390,MTFR1,3,0.845,0.000347
P30533,LRPAP1,27,0.84,0.001846
Q9UI14,RABAC1,2,0.837,0.000594
O75054,IGSF3,50,0.834,0.000439
Q14108,SCARB2,8,0.834,0.024595
Q9UHI5,SLC7A8,15,0.834,0.001104
O00273,DFFA,7,0.823,0.002482
P14923,JUP,38,0.822,0.005978
Q9Y250,LZTS1,6,0.822,0.000576
P09382,LGALS1,4,0.82,0.004218
Q6UB99,ANKRD11,2,0.816,0.023679
Q8IXI1,RHOT2,8,0.813,0.001366
P16298,PPP3CB,5,0.811,0.000287
Q96QE2,SLC2A13,4,0.81,0.00115
Q9HDC9,APMAP,14,0.804,0.004364
Q0VAQ4,SMAGP,3,0.802,0.001004
Q7Z4W1,DCXR,2,0.8,0.002319
Q15043,SLC39A14,10,0.793,0.001858
Q9UKV3,ACIN1,11,0.78,0.000709
P20020,ATP2B1,27,0.78,0.008191
Q9H9H4,VPS37B,5,0.776,0.000502
Q14118,DAG1,30,0.772,0.009063
P20073,ANXA7,13,0.771,0.001331
Q8IZP9,ADGRG2,8,0.768,0.001597
Q86YD3,TMEM25,5,0.764,0.000737
P18825,ADRA2C,2,0.764,0.000593
Q9BT40,INPP5K,5,0.762,0.001704
Q93100,PHKB,7,0.759,0.000571
Q9HD20,ATP13A1,21,0.753,0.001388
A0FGR8,ESYT2,17,0.752,0.001665
O60583,CCNT2,4,0.751,0.001036
O75348,ATP6V1G1,2,0.748,0.002521
P15311,EZR,23,0.746,0.000497
Q8WVR3,MAP11,3,0.744,0.001258
Q92574,TSC1,5,0.743,0.003906
P23743,DGKA,2,0.742,0.010721
Q86VI3,IQGAP3,27,0.741,0.004118
Q68CP4,HGSNAT,3,0.74,0.001036
Q58EX2,SDK2,56,0.74,0.001091
P42702,LIFR,13,0.736,0.002319
Q9H0U3,MAGT1,8,0.734,0.00106
Q8TCU6,PREX1,3,0.731,0.025835
Q96A54,ADIPOR1,2,0.73,0.001935
O14924,RGS12,7,0.729,0.002367
O43520,ATP8B1,3,0.727,0.000828
Q14315,FLNC,17,0.724,0.001145
Q01469,FABP5,2,0.724,0.011123
O95298,NDUFC2,5,0.723,0.000529
Q9NR28,DIABLO,2,0.723,0.000589
Q12986,NFX1,4,0.722,0.001624
P37173,TGFBR2,2,0.722,0.001685
Q7Z7N9,TMEM179B,2,0.719,0.001651
Q8TB37,NUBPL,2,0.719,0.001013
P30040,ERP29,8,0.714,0.005199
P31641,SLC6A6,13,0.712,0.001596
Q6IAA8,LAMTOR1,5,0.712,0.012429
O43847,NRDC,12,0.696,0.00061
P04792,HSPB1,2,0.695,0.00302
P21912,SDHB,5,0.689,0.004463
P08962,CD63,6,0.682,0.001065
O43861,ATP9B,10,0.679,0.001827
P07237,P4HB,32,0.678,0.039305
Q02763,TEK,15,0.67,0.114082
P15529,CD46,6,0.67,0.002959
Q9NQX7,ITM2C,12,0.669,0.001957
Q5VZ89,DENND4C,14,0.667,0.002229
Q9BRK4,LZTS2,4,0.663,0.005256
Q5TA50,CPTP,2,0.658,0.001927
P21796,VDAC1,11,0.655,0.013543
P23634,ATP2B4,30,0.653,0.002186
P12830,CDH1,25,0.653,0.069845
Q9Y6M5,SLC30A1,21,0.647,0.004464
Q9NQ11,ATP13A2,3,0.647,0.013278
Q9BTX1,NDC1,17,0.646,0.002519
P04049,RAF1,11,0.643,0.001816
P39656,DDOST,13,0.643,0.006232
Q99959,PKP2,13,0.635,0.004554
Q99836,MYD88,7,0.632,0.004266
Q6NSJ5,LRRC8E,20,0.631,0.00556
O75691,UTP20,36,0.627,0.008595
Q70E73,RAPH1,6,0.627,0.002572
Q96QU8,XPO6,11,0.626,0.012118
P21731,TBXA2R,2,0.62,0.003152
O14795,UNC13B,20,0.62,0.002766
Q9UJZ1,STOML2,14,0.619,0.003817
Q92542,NCSTN,22,0.614,0.002673
O15530,PDPK1,2,0.611,0.003412
Q9UK41,VPS28,10,0.607,0.003573
O75581,LRP6,47,0.605,0.012464
Q00535,CDK5,9,0.605,0.018923
Q9NY35,CLDND1,9,0.603,0.005156
O60449,LY75,20,0.602,0.085435
O15260,SURF4,12,0.6,0.008976
P16591,FER,2,0.597,0.003948
P51148,RAB5C,11,0.594,0.005399
P46934,NEDD4,12,0.589,0.003061
Q8N370,SLC43A2,14,0.588,0.005593
O75882,ATRN,19,0.583,0.003557
P35221,CTNNA1,63,0.582,0.007148
Q8N271,PROM2,7,0.579,0.025646
Q9BWU0,SLC4A1AP,5,0.569,0.0036
P21359,NF1,30,0.562,0.021084
P30153,PPP2R1A,21,0.561,0.006181
Q13177,PAK2,4,0.56,0.0108
Q96P48,ARAP1,28,0.557,0.008359
Q9Y289,SLC5A6,13,0.548,0.008325
Q9NPF4,OSGEP,4,0.544,0.009885
Q9BX66,SORBS1,3,0.542,0.008344
P11413,G6PD,22,0.541,0.004614
Q9NS93,TM7SF3,2,0.536,0.015086
Q9HAB3,SLC52A2,3,0.535,0.012292
Q15075,EEA1,10,0.533,0.003731
Q6UXD5,SEZ6L2,13,0.532,0.015902
P27448,MARK3,12,0.532,0.01006
Q13576,IQGAP2,55,0.524,0.026956
Q6PJW8,CNST,2,0.524,0.011397
P15056,BRAF,3,0.522,0.008911
Q9BYB4,GNB1L,8,0.521,0.017425
Q8NBJ9,SIDT2,3,0.52,0.010761
O15294,OGT,9,0.518,0.005988
Q6T4R5,NHS,19,0.518,0.01218
P53611,RABGGTB,2,0.516,0.012054
Q92536,SLC7A6,8,0.515,0.008579
Q9H0H5,RACGAP1,5,0.513,0.010038
Q7L5Y9,MAEA,3,0.507,0.017987
O43865,AHCYL1,11,0.507,0.03154
P14625,HSP90B1,48,0.506,0.070979
P50570,DNM2,26,0.503,0.03123
O15118,NPC1,18,0.502,0.136461
P15260,IFNGR1,11,0.497,0.016909
Q9UPR5,SLC8A2,24,0.496,0.033546
P52630,STAT2,9,0.494,0.014079
P18615,NELFE,3,0.493,0.014288
P51149,RAB7A,12,0.492,0.057678
Q8IZQ1,WDFY3,17,0.49,0.045792
Q13283,G3BP1,4,0.49,0.019918
P22413,ENPP1,44,0.488,0.019374
P14174,MIF,5,0.487,0.027727
Q9H9J2,MRPL44,5,0.485,0.018539
Q9UGI8,TES,12,0.485,0.019946
Q12904,AIMP1,9,0.476,0.013779
O94768,STK17B,2,0.475,0.044734
Q00610,CLTC,67,0.475,0.014158
P78536,ADAM17,28,0.472,0.012987
Q96H20,SNF8,4,0.472,0.009877
Q99571,P2RX4,3,0.465,0.019015
O15498,YKT6,2,0.462,0.015095
Q96JI7,SPG11,9,0.462,0.020926
P24588,AKAP5,3,0.457,0.021254
P54920,NAPA,14,0.456,0.01969
Q8WUM9,SLC20A1,14,0.455,0.090633
O43663,PRC1,3,0.452,0.0188
Q13131,PRKAA1,9,0.449,0.019172
O15162,PLSCR1,3,0.448,0.011335
O95858,TSPAN15,5,0.443,0.072667
Q9Y5K6,CD2AP,14,0.44,0.018757
O75330,HMMR,9,0.434,0.024141
Q96EY1,DNAJA3,9,0.432,0.074044
P00505,GOT2,23,0.431,0.185215
Q8N4S9,MARVELD2,7,0.43,0.027013
Q9Y3Q0,NAALAD2,21,0.428,0.04631
Q8NFH5,NUP35,6,0.428,0.027127
Q9UNF0,PACSIN2,3,0.428,0.129149
Q08357,SLC20A2,13,0.428,0.070706
Q08188,TGM3,2,0.428,0.33931
Q8IZ07,ANKRD13A,13,0.425,0.023233
P11142,HSPA8,42,0.425,0.030111
Q8N5A5,ZGPAT,3,0.422,0.043055
P14550,AKR1A1,4,0.421,0.043252
Q9H307,PNN,15,0.42,0.02635
Q6UWL6,KIRREL2,4,0.418,0.035671
Q15800,MSMO1,6,0.415,0.057678
Q9UHQ9,CYB5R1,4,0.408,0.083509
Q9BX74,TM2D1,2,0.407,0.037937
Q6ZUJ8,PIK3AP1,2,0.407,0.147001
P62834,RAP1A,3,0.406,0.02651
Q9NZB2,FAM120A,5,0.402,0.034344
O15431,SLC31A1,7,0.4,0.050635
O60312,ATP10A,3,0.398,0.115268
Q8NG11,TSPAN14,6,0.394,0.075905
Q9H4A4,RNPEP,6,0.385,0.073395
P01137,TGFB1,4,0.383,0.040348
P10586,PTPRF,100,0.381,0.296237
Q96II8,LRCH3,6,0.381,0.042591
Q9H9L4,KANSL2,2,0.374,0.055382
Q9UJS0,SLC25A13,24,0.373,0.047155
Q9NPQ8,RIC8A,14,0.372,0.058661
Q9H228,S1PR5,3,0.371,0.042591
Q9BXI6,TBC1D10A,13,0.368,0.05626
Q8IZY2,ABCA7,6,0.363,0.127073
O00161,SNAP23,12,0.359,0.060907
P49354,FNTA,4,0.358,0.056044
Q01518,CAP1,6,0.358,0.062031
Q9HCN3,TMEM8A,15,0.358,0.054519
Q15047,SETDB1,3,0.356,0.041888
O14672,ADAM10,15,0.354,0.046389
O15068,MCF2L,6,0.354,0.033496
P51617,IRAK1,3,0.352,0.135427
Q9HAR2,ADGRL3,22,0.351,0.144126
P68104,EEF1A1,41,0.349,0.058783
P11532,DMD,34,0.347,0.078917
Q14232,EIF2B1,8,0.347,0.069068
P48751,SLC4A3,6,0.344,0.104807
P49757,NUMB,12,0.342,0.074001
O14966,RAB29,5,0.34,0.205708
Q13107,USP4,7,0.337,0.090755
P53365,ARFIP2,5,0.337,0.109938
O95429,BAG4,6,0.335,0.075834
Q9HCE7,SMURF1,9,0.33,0.142895
Q9Y5X3,SNX5,10,0.328,0.082928
Q8TCG1,CIP2A,16,0.327,0.09836
Q07889,SOS1,3,0.327,0.073701
Q9BUF7,CRB3,2,0.325,0.063338
Q86UP2,KTN1,17,0.325,0.125918
Q9UNK0,STX8,5,0.322,0.085518
P50748,KNTC1,43,0.321,0.165986
P14672,SLC2A4,6,0.321,0.072667
P49368,CCT3,36,0.32,0.084608
P26992,CNTFR,2,0.315,0.243751
Q0JRZ9,FCHO2,5,0.313,0.110514
H7BZ11,RPL36A-HNRNPH2,2,0.31,0.0638
P78382,SLC35A1,2,0.31,0.102087
P13498,CYBA,5,0.309,0.139085
Q14833,GRM4,10,0.309,0.160635
Q8NAN2,MIGA1,2,0.308,0.063948
Q9NV70,EXOC1,34,0.304,0.149358
P53355,DAPK1,10,0.301,0.086515
Q86XT9,TMEM219,2,0.299,0.150591
Q9P107,GMIP,2,0.298,0.091769
Q9UEW8,STK39,10,0.296,0.242437
Q9NZH0,GPRC5B,6,0.293,0.125015
A1A4S6,ARHGAP10,2,0.292,0.147385
Q8TAB3,PCDH19,7,0.292,0.133125
O43278,SPINT1,13,0.29,0.619796
Q9H0X4,FAM234A,22,0.29,0.13446
P16615,ATP2A2,42,0.287,0.134833
Q13496,MTM1,3,0.283,0.096154
P02751,FN1,2,0.282,0.192155
P20337,RAB3B,7,0.281,0.27476
P13861,PRKAR2A,16,0.264,0.154553
Q9NUN5,LMBRD1,3,0.261,0.205708
Q13356,PPIL2,6,0.258,0.193727
O94898,LRIG2,28,0.256,0.170404
Q92888,ARHGEF1,20,0.256,0.15127
Q9UGP4,LIMD1,7,0.256,0.175811
P61006,RAB8A,5,0.249,0.245245
Q96QT4,TRPM7,25,0.247,0.24772
Q9H1C0,LPAR5,2,0.246,0.239264
Q9Y5Y0,FLVCR1,12,0.246,0.173153
Q15046,KARS,7,0.244,0.389178
P62330,ARF6,4,0.243,0.236032
Q8N3E9,PLCD3,5,0.241,0.149831
O75122,CLASP2,31,0.238,0.218442
Q9BSL1,UBAC1,5,0.237,0.184211
O75427,LRCH4,7,0.236,0.189318
Q9NQX3,GPHN,2,0.233,0.174726
Q14247,CTTN,26,0.232,0.190241
Q03001,DST,3,0.23,0.141164
Q96J02,ITCH,15,0.229,0.1722
P30101,PDIA3,30,0.229,0.418109
P25705,ATP5F1A,32,0.224,0.241952
P49407,ARRB1,3,0.221,0.293375
Q13322,GRB10,11,0.218,0.227175
O60291,MGRN1,21,0.217,0.291576
P54252,ATXN3,4,0.214,0.334894
Q9UKS6,PACSIN3,14,0.211,0.318259
P46940,IQGAP1,63,0.206,0.247065
Q9Y597,KCTD3,2,0.206,0.269653
Q9NNW5,WDR6,11,0.205,0.303866
Q9NZ42,PSENEN,2,0.205,0.302597
O60911,CTSV,2,0.204,0.343007
Q5H9R7,PPP6R3,22,0.203,0.240048
Q96IF1,AJUBA,4,0.195,0.319161
P51159,RAB27A,3,0.191,0.271865
Q92597,NDRG1,2,0.191,0.24698
O75096,LRP4,50,0.191,0.393411
Q05655,PRKCD,15,0.19,0.303316
O14939,PLD2,26,0.19,0.25009
Q9HCC8,GDPD2,15,0.189,0.377788
Q5T4S7,UBR4,129,0.185,0.467852
P08865,RPSA,4,0.184,0.366032
P27797,CALR,14,0.184,0.585185
Q8IYI6,EXOC8,22,0.183,0.389757
Q07954,LRP1,121,0.183,0.403702
P07900,HSP90AA1,31,0.178,0.469569
Q5T5U3,ARHGAP21,5,0.177,0.371984
P32239,CCKBR,4,0.177,0.477892
Q9HCM4,EPB41L5,21,0.176,0.315517
P63165,SUMO1,4,0.174,0.314852
Q8WWI5,SLC44A1,13,0.172,0.389134
Q32MZ4,LRRFIP1,5,0.172,0.326195
Q9HBH0,RHOF,2,0.171,0.311034
Q96EY7,PTCD3,13,0.17,0.34191
Q9UII2,ATP5IF1,2,0.168,0.454595
P40818,USP8,17,0.165,0.319782
Q9Y256,RCE1,2,0.164,0.417507
P49281,SLC11A2,3,0.164,0.447301
Q9BS26,ERP44,14,0.157,0.50486
Q8TAG9,EXOC6,14,0.156,0.467349
Q9HCL0,PCDH18,13,0.154,0.467852
P48047,ATP5PO,14,0.154,0.410254
Q14344,GNA13,21,0.153,0.417447
P36896,ACVR1B,8,0.15,0.453242
Q9ULC4,MCTS1,4,0.15,0.38671
P52272,HNRNPM,76,0.15,0.523352
O14735,CDIPT,8,0.147,0.419712
Q6ZSZ5,ARHGEF18,8,0.143,0.399146
Q05513,PRKCZ,2,0.141,0.467852
Q5SQN1,SNAP47,5,0.137,0.602381
Q9HBW0,LPAR2,9,0.136,0.409134
Q00013,MPP1,6,0.131,0.60036
Q96KC8,DNAJC1,4,0.124,0.495082
Q9H4E7,DEF6,3,0.116,0.698505
P51151,RAB9A,9,0.115,0.589391
Q13145,BAMBI,2,0.111,0.515302
O14641,DVL2,14,0.11,0.615089
Q15654,TRIP6,6,0.105,0.598347
P00533,EGFR,31,0.101,0.675863
Q15599,SLC9A3R2,13,0.099,0.639098
Q13685,AAMP,4,0.097,0.56894
O14526,FCHO1,3,0.097,0.566859
Q8WU20,FRS2,4,0.097,0.612624
P50851,LRBA,43,0.095,0.585535
P09496,CLTA,4,0.095,0.594128
O75509,TNFRSF21,3,0.094,0.728314
Q9UBH6,XPR1,10,0.093,0.645026
P21283,ATP6V1C1,5,0.09,0.63064
Q13835,PKP1,5,0.09,0.661573
Q01974,ROR2,23,0.085,0.655046
Q9BZL6,PRKD2,6,0.083,0.655046
Q8NC96,NECAP1,4,0.08,0.61999
P60510,PPP4C,3,0.079,0.669126
Q9P2M7,CGN,10,0.075,0.642255
O75165,DNAJC13,18,0.074,0.677501
P19784,CSNK2A2,5,0.072,0.679628
Q96P63,SERPINB12,3,0.071,0.841894
Q9BXP2,SLC12A9,15,0.069,0.694751
Q99624,SLC38A3,5,0.067,0.720877
O95999,BCL10,2,0.065,0.715878
Q9P0L0,VAPA,13,0.063,0.737341
Q9Y2G0,EFR3B,15,0.063,0.742545
P01116,KRAS,4,0.062,0.723778
Q9NPG4,PCDH12,2,0.06,0.747862
P28482,MAPK1,5,0.06,0.732722
Q9H5V8,CDCP1,24,0.06,0.732323
P16885,PLCG2,2,0.059,0.75932
Q9NRD5,PICK1,3,0.058,0.773619
Q86UD0,SAPCD2,2,0.056,0.773943
P27701,CD82,5,0.051,0.801142
Q9UDY8,MALT1,4,0.05,0.773943
Q969Z4,RELT,5,0.049,0.793258
Q7RTP6,MICAL3,7,0.047,0.785268
Q8TF46,DIS3L,3,0.045,0.782078
Q8NFY4,SEMA6D,6,0.045,0.906299
O14920,IKBKB,5,0.045,0.838709
Q9UN37,VPS4A,15,0.044,0.859395
Q7Z408,CSMD2,3,0.043,0.864623
Q9NZN8,CNOT2,6,0.043,0.815111
Q8NHP6,MOSPD2,2,0.041,0.833165
Q5VWQ8,DAB2IP,13,0.04,0.847656
Q96KP1,EXOC2,32,0.037,0.857495
O75355,ENTPD3,2,0.036,0.814849
Q8N3R9,MPP5,27,0.029,0.872486
O43164,PJA2,4,0.028,0.893099
P57764,GSDMD,3,0.028,0.907574
Q8IZA0,KIAA0319L,19,0.026,0.933318
Q8TD43,TRPM4,28,0.022,0.942756
Q99500,S1PR3,3,0.022,0.922847
Q9NVZ3,NECAP2,5,0.016,0.939831
P53618,COPB1,30,0.016,0.929977
Q14696,MESD,2,0.013,0.967992
O14492,SH2B2,2,0.012,0.951376
P42566,EPS15,25,0.008,0.96958
Q16651,PRSS8,3,0.007,0.974305
Q6P1N0,CC2D1A,7,0.006,0.972916
Q9H2X9,SLC12A5,2,0.005,0.974376
Q8WX93,PALLD,2,0.002,0.992628
Q8WXX5,DNAJC9,10,0,0.998087
P42338,PIK3CB,7,-0.001,0.996928
O15375,SLC16A5,2,-0.007,0.971779
P13639,EEF2,64,-0.008,0.965406
Q9UH65,SWAP70,7,-0.011,0.952581
Q8NE01,CNNM3,39,-0.015,0.937316
Q9H6B4,CLMP,9,-0.015,0.940595
P50151,GNG10,3,-0.015,0.940733
Q5T3U5,ABCC10,10,-0.02,0.906243
P35813,PPM1A,3,-0.02,0.92491
O00165,HAX1,5,-0.022,0.906255
P23378,GLDC,21,-0.024,0.925184
Q8TAC9,SCAMP5,2,-0.025,0.897597
Q96A65,EXOC4,40,-0.026,0.906318
Q29980,MICB,8,-0.028,0.945725
Q14BN4,SLMAP,3,-0.028,0.880732
Q86XX4,FRAS1,50,-0.033,0.923521
P21333,FLNA,109,-0.033,0.854976
P07949,RET,6,-0.034,0.84843
Q8WVM8,SCFD1,11,-0.036,0.869891
P31751,AKT2,6,-0.038,0.822507
P11233,RALA,4,-0.038,0.833165
Q12774,ARHGEF5,15,-0.039,0.822281
P18084,ITGB5,31,-0.051,0.754355
P05186,ALPL,35,-0.053,0.742134
Q6ZRP7,QSOX2,13,-0.058,0.833233
P41231,P2RY2,2,-0.061,0.790087
Q14126,DSG2,61,-0.062,0.843437
Q9NYQ6,CELSR1,38,-0.065,0.754401
Q14155,ARHGEF7,8,-0.069,0.708058
Q00839,HNRNPU,27,-0.069,0.691095
O00401,WASL,11,-0.07,0.679628
O75976,CPD,47,-0.08,0.780966
Q13470,TNK1,2,-0.08,0.71409
Q9UQB8,BAIAP2,14,-0.082,0.664768
P67775,PPP2CA,2,-0.082,0.605823
P36507,MAP2K2,6,-0.083,0.731418
O75323,NIPSNAP2,2,-0.093,0.691399
O14617,AP3D1,27,-0.093,0.587011
O94804,STK10,21,-0.094,0.576256
Q9HB21,PLEKHA1,4,-0.094,0.598347
Q15262,PTPRK,41,-0.095,0.744563
Q9UPT5,EXOC7,19,-0.098,0.614527
Q8TF72,SHROOM3,4,-0.1,0.567627
Q9BVA0,KATNB1,7,-0.1,0.546906
Q96I34,PPP1R16A,2,-0.101,0.569433
Q16186,ADRM1,3,-0.104,0.56785
Q9ULT0,TTC7A,8,-0.104,0.508509
Q8NFM7,IL17RD,8,-0.104,0.693933
Q92508,PIEZO1,21,-0.104,0.635184
P55010,EIF5,20,-0.105,0.568767
Q9UJF2,RASAL2,10,-0.105,0.602381
P13647,KRT5,25,-0.108,0.83486
P29353,SHC1,8,-0.109,0.522151
P40763,STAT3,17,-0.11,0.590526
P68402,PAFAH1B2,2,-0.113,0.531115
P24666,ACP1,6,-0.116,0.568767
P53041,PPP5C,11,-0.119,0.508163
P35626,GRK3,2,-0.123,0.743959
P23458,JAK1,36,-0.123,0.505819
Q8IWE4,DCUN1D3,11,-0.124,0.448999
O60674,JAK2,7,-0.127,0.464582
Q9BTT6,LRRC1,17,-0.129,0.457242
Q00341,HDLBP,37,-0.131,0.447922
P20339,RAB5A,7,-0.133,0.502949
Q9UHR4,BAIAP2L1,28,-0.143,0.418703
P48067,SLC6A9,8,-0.144,0.417975
Q684P5,RAP1GAP2,2,-0.148,0.379872
O95793,STAU1,6,-0.151,0.375807
Q9UBB4,ATXN10,19,-0.156,0.47042
P49796,RGS3,2,-0.158,0.621983
Q9UDY2,TJP2,34,-0.161,0.333998
O94905,ERLIN2,11,-0.172,0.326322
Q8WTV0,SCARB1,12,-0.173,0.295767
Q8TDM6,DLG5,14,-0.175,0.465365
P28908,TNFRSF8,7,-0.176,0.362088
Q9BTE3,MCMBP,11,-0.177,0.329709
Q9BPZ7,MAPKAP1,5,-0.178,0.348436
P54105,CLNS1A,5,-0.178,0.346688
O75131,CPNE3,13,-0.179,0.456094
Q9Y666,SLC12A7,58,-0.18,0.322559
Q9BTU6,PI4K2A,8,-0.18,0.310277
P43657,LPAR6,4,-0.181,0.323599
Q13009,TIAM1,14,-0.183,0.290892
P35613,BSG,18,-0.184,0.324785
P27986,PIK3R1,2,-0.186,0.265382
Q9P246,STIM2,5,-0.187,0.262493
P63010,AP2B1,21,-0.194,0.25054
Q96D71,REPS1,4,-0.194,0.306128
Q02413,DSG1,4,-0.2,0.616064
P53384,NUBP1,2,-0.2,0.278941
Q13635,PTCH1,4,-0.208,0.331491
P52799,EFNB2,4,-0.208,0.690631
Q07864,POLE,16,-0.213,0.322646
Q14980,NUMA1,23,-0.218,0.177753
Q86YT6,MIB1,9,-0.223,0.375695
P06241,FYN,4,-0.229,0.188296
Q9NUW8,TDP1,3,-0.23,0.318752
Q4KMQ2,ANO6,36,-0.231,0.222054
Q8NFD5,ARID1B,3,-0.237,0.173289
P43250,GRK6,11,-0.237,0.188137
Q6ZNJ1,NBEAL2,15,-0.238,0.207735
P06756,ITGAV,58,-0.241,0.138784
Q9H490,PIGU,4,-0.241,0.22763
Q8TCT7,SPPL2B,13,-0.246,0.135704
Q9Y2I1,NISCH,4,-0.251,0.17341
Q9H1K0,RBSN,2,-0.252,0.135242
Q9NPH3,IL1RAP,25,-0.252,0.154651
A2VDJ0,TMEM131L,3,-0.255,0.173002
Q9Y5E9,PCDHB14,2,-0.255,0.71395
P08758,ANXA5,10,-0.258,0.1566
Q99584,S100A13,3,-0.259,0.234018
P07948,LYN,21,-0.264,0.10757
P49773,HINT1,2,-0.266,0.334254
P13667,PDIA4,22,-0.271,0.259631
Q2M2I8,AAK1,5,-0.273,0.136086
P98198,ATP8B2,13,-0.276,0.101008
P35222,CTNNB1,33,-0.28,0.142107
Q8N2K0,ABHD12,14,-0.282,0.1331
O95359,TACC2,2,-0.282,0.089112
Q15833,STXBP2,9,-0.288,0.163035
O00159,MYO1C,31,-0.289,0.147001
P10809,HSPD1,51,-0.289,0.125558
P09211,GSTP1,12,-0.29,0.432464
P13010,XRCC5,42,-0.292,0.090506
P14735,IDE,11,-0.293,0.073176
Q7Z403,TMC6,12,-0.297,0.158051
O95716,RAB3D,3,-0.299,0.176667
O60245,PCDH7,2,-0.299,0.34234
P17813,ENG,6,-0.3,0.22763
O00560,SDCBP,5,-0.301,0.162407
Q7L1W4,LRRC8D,39,-0.305,0.155536
Q9Y4B5,MTCL1,4,-0.308,0.120745
Q9BUZ4,TRAF4,5,-0.308,0.193497
Q658P3,STEAP3,7,-0.31,0.072863
P10721,KIT,35,-0.314,0.105561
Q15768,EFNB3,5,-0.314,0.131002
P30419,NMT1,5,-0.316,0.113837
Q99828,CIB1,3,-0.317,0.096019
P53680,AP2S1,8,-0.319,0.14607
P23396,RPS3,21,-0.319,0.074853
P42336,PIK3CA,2,-0.319,0.075665
P53396,ACLY,49,-0.32,0.096326
Q9NTN9,SEMA4G,5,-0.32,0.057767
O43318,MAP3K7,6,-0.323,0.101062
P09603,CSF1,2,-0.323,0.174099
Q13586,STIM1,6,-0.326,0.113843
P25054,APC,5,-0.326,0.116825
Q01844,EWSR1,5,-0.329,0.071702
P36404,ARL2,10,-0.333,0.113136
Q9NY33,DPP3,3,-0.334,0.051699
Q9H4L5,OSBPL3,14,-0.334,0.0526
P61020,RAB5B,8,-0.338,0.088862
P56962,STX17,5,-0.341,0.106008
Q9NTI2,ATP8A2,15,-0.342,0.070869
Q8IWB1,ITPRIP,7,-0.345,0.054872
P42356,PI4KA,39,-0.346,0.050643
O00762,UBE2C,6,-0.347,0.069778
Q9HAU4,SMURF2,3,-0.35,0.094507
P54760,EPHB4,38,-0.364,0.049282
P67870,CSNK2B,2,-0.367,0.105204
Q13191,CBLB,2,-0.369,0.130881
Q9NS86,LANCL2,11,-0.369,0.038158
Q86YL7,PDPN,2,-0.37,0.094316
P46939,UTRN,112,-0.372,0.110029
Q14689,DIP2A,2,-0.372,0.083219
Q6NW40,RGMB,2,-0.375,0.134153
O75534,CSDE1,30,-0.377,0.03172
P04632,CAPNS1,4,-0.381,0.05175
Q9UBC2,EPS15L1,3,-0.383,0.035921
Q15084,PDIA6,19,-0.385,0.076785
Q8WUD1,RAB2B,3,-0.385,0.043783
Q14160,SCRIB,68,-0.388,0.065824
Q2PPJ7,RALGAPA2,12,-0.392,0.021197
Q96AC1,FERMT2,18,-0.393,0.035358
O95782,AP2A1,19,-0.399,0.032527
Q8WXG6,MADD,4,-0.403,0.048696
Q86UE4,MTDH,2,-0.409,0.042118
O43900,PRICKLE3,3,-0.41,0.035459
Q86YS7,C2CD5,29,-0.413,0.031159
P61106,RAB14,11,-0.414,0.046107
O60784,TOM1,15,-0.415,0.01779
Q9Y2G3,ATP11B,10,-0.416,0.02474
O75386,TULP3,4,-0.416,0.024141
Q9BZE9,ASPSCR1,3,-0.416,0.033135
P32019,INPP5B,9,-0.419,0.029189
Q5VVJ2,MYSM1,4,-0.426,0.023958
Q12933,TRAF2,6,-0.43,0.047349
Q9BR76,CORO1B,5,-0.431,0.043776
Q14574,DSC3,3,-0.435,0.124571
P19174,PLCG1,20,-0.437,0.011854
O75387,SLC43A1,8,-0.437,0.036946
Q8N697,SLC15A4,3,-0.44,0.093556
P23443,RPS6KB1,2,-0.442,0.028093
Q16625,OCLN,12,-0.446,0.022676
O43795,MYO1B,46,-0.45,0.012932
Q05193,DNM1,2,-0.451,0.014703
Q86WJ1,CHD1L,14,-0.458,0.041042
Q13418,ILK,18,-0.459,0.024822
Q5JTD0,TJAP1,7,-0.464,0.033643
Q53EZ4,CEP55,2,-0.469,0.022266
Q9NX76,CMTM6,4,-0.47,0.082966
P07099,EPHX1,4,-0.471,0.030145
Q99816,TSG101,15,-0.471,0.013259
O95297,MPZL1,6,-0.477,0.02634
P61026,RAB10,8,-0.481,0.054925
Q15286,RAB35,8,-0.482,0.016133
Q13555,CAMK2G,7,-0.483,0.03115
Q5T0N5,FNBP1L,12,-0.484,0.018914
P78504,JAG1,19,-0.485,0.019926
P41440,SLC19A1,9,-0.487,0.019214
Q9NP72,RAB18,10,-0.491,0.025627
Q969H4,CNKSR1,5,-0.494,0.012388
P54278,PMS2,3,-0.498,0.016179
Q14392,LRRC32,2,-0.501,0.076988
O60716,CTNND1,52,-0.501,0.014652
Q9H0M0,WWP1,10,-0.501,0.009057
Q96D53,COQ8B,8,-0.502,0.014144
P42684,ABL2,6,-0.502,0.008928
Q3V6T2,CCDC88A,6,-0.504,0.012962
P16422,EPCAM,22,-0.504,0.01453
P54851,EMP2,2,-0.513,0.008679
Q9Y4G6,TLN2,59,-0.514,0.009464
Q9Y6G9,DYNC1LI1,13,-0.515,0.010697
Q92823,NRCAM,21,-0.517,0.027332
Q14542,SLC29A2,5,-0.517,0.010007
O14495,PLPP3,7,-0.523,0.016946
P60953,CDC42,4,-0.524,0.016519
Q8NAC3,IL17RC,3,-0.527,0.017286
P49023,PXN,9,-0.534,0.016459
Q04759,PRKCQ,8,-0.536,0.009877
Q8IWT6,LRRC8A,39,-0.538,0.01235
Q8NC51,SERBP1,19,-0.542,0.007178
Q15811,ITSN1,7,-0.545,0.012332
Q13613,MTMR1,7,-0.546,0.005147
Q96EP0,RNF31,7,-0.547,0.018633
Q9Y3L5,RAP2C,3,-0.549,0.014182
Q04917,YWHAH,17,-0.549,0.004214
Q9NW15,ANO10,6,-0.549,0.006196
Q8IXI2,RHOT1,7,-0.553,0.00551
P62136,PPP1CA,2,-0.554,0.008422
P51810,GPR143,2,-0.555,0.004336
Q13557,CAMK2D,5,-0.556,0.005631
Q96KG7,MEGF10,5,-0.558,0.082928
Q8TEU7,RAPGEF6,11,-0.562,0.008095
Q6ZTN6,ANKRD13D,2,-0.562,0.013165
Q13572,ITPK1,6,-0.566,0.009738
P25116,F2R,4,-0.569,0.041553
P16333,NCK1,6,-0.569,0.004898
P54578,USP14,13,-0.584,0.005524
P46531,NOTCH1,27,-0.586,0.014189
P08473,MME,38,-0.587,0.037567
Q14156,EFR3A,22,-0.587,0.004419
Q4KMP7,TBC1D10B,18,-0.588,0.005044
P36894,BMPR1A,14,-0.59,0.008888
Q8IWU6,SULF1,2,-0.594,0.364497
Q9BYI3,FAM126A,3,-0.595,0.003827
Q9NZN4,EHD2,3,-0.595,0.002782
Q9NZ53,PODXL2,5,-0.598,0.018108
P27037,ACVR2A,9,-0.599,0.023851
Q13490,BIRC2,6,-0.601,0.005011
Q9UM54,MYO6,42,-0.602,0.004768
Q9UL25,RAB21,8,-0.604,0.013753
O95630,STAMBP,4,-0.605,0.002707
P35241,RDX,9,-0.608,0.004008
O60486,PLXNC1,2,-0.611,0.00612
Q16832,DDR2,2,-0.613,0.00968
P10644,PRKAR1A,5,-0.613,0.007704
Q96NW4,ANKRD27,2,-0.615,0.003262
Q9H2Y9,SLCO5A1,2,-0.621,0.455533
Q86TV6,TTC7B,6,-0.623,0.002891
Q8IYB5,SMAP1,2,-0.625,0.001496
P50281,MMP14,20,-0.631,0.010645
O94973,AP2A2,16,-0.64,0.004197
Q9Y4D1,DAAM1,18,-0.643,0.001719
Q96CW1,AP2M1,13,-0.644,0.00274
O00443,PIK3C2A,35,-0.648,0.00141
P84095,RHOG,7,-0.654,0.002399
Q96CP7,TLCD1,3,-0.655,0.003766
P18433,PTPRA,43,-0.661,0.005512
O15484,CAPN5,20,-0.663,0.001241
Q9P2S2,NRXN2,12,-0.666,0.308629
Q6F5E8,CARMIL2,2,-0.667,0.016283
O75197,LRP5,7,-0.668,0.005318
Q08AE8,SPIRE1,2,-0.67,0.090813
O43688,PLPP2,3,-0.671,0.002673
Q14680,MELK,14,-0.672,0.005802
Q9NUP9,LIN7C,6,-0.673,0.001859
Q14444,CAPRIN1,5,-0.675,0.001756
O60462,NRP2,26,-0.676,0.066507
O75970,MPDZ,49,-0.681,0.001812
Q07157,TJP1,27,-0.684,0.001828
O75044,SRGAP2,30,-0.685,0.009331
Q9NYJ8,TAB2,4,-0.69,0.002917
P63218,GNG5,2,-0.691,0.022131
P01111,NRAS,4,-0.692,0.00146
P28906,CD34,4,-0.695,0.010296
Q9Y5Z0,BACE2,4,-0.697,0.004265
P48059,LIMS1,5,-0.698,0.002242
Q6YBV0,SLC36A4,2,-0.699,0.000659
P23467,PTPRB,5,-0.703,0.001615
P49903,SEPHS1,7,-0.707,0.001227
Q9HCM3,KIAA1549,17,-0.714,0.002024
P55011,SLC12A2,61,-0.718,0.000991
Q9BRV3,SLC50A1,2,-0.721,0.010048
O95197,RTN3,4,-0.722,0.003226
P62070,RRAS2,14,-0.724,0.002126
Q9P258,RCC2,25,-0.728,0.000609
P19256,CD58,3,-0.731,0.001729
P25445,FAS,4,-0.738,0.01867
Q9HCU4,CELSR2,47,-0.739,0.001851
Q9H0Q3,FXYD6,3,-0.744,0.002917
P05067,APP,16,-0.744,0.041778
O94886,TMEM63A,8,-0.749,0.000454
O00468,AGRN,14,-0.751,0.103243
Q9HD67,MYO10,18,-0.754,0.027601
P0CG47,UBB,2,-0.756,0.001107
Q9NQC3,RTN4,10,-0.757,0.004062
Q9ULQ1,TPCN1,21,-0.757,0.000577
Q13641,TPBG,10,-0.763,0.001019
Q96BD0,SLCO4A1,4,-0.769,0.002491
P19438,TNFRSF1A,5,-0.771,0.001527
Q8NCM8,DYNC2H1,21,-0.776,0.001908
Q8NDI1,EHBP1,6,-0.779,0.000558
P49841,GSK3B,7,-0.779,0.000378
Q14573,ITPR3,6,-0.781,0.001684
Q9UGQ3,SLC2A6,4,-0.784,0.000457
P06733,ENO1,20,-0.785,0.008611
Q9Y2H0,DLGAP4,10,-0.789,0.000662
O94832,MYO1D,15,-0.789,0.00033
P33121,ACSL1,3,-0.801,0.007538
Q16288,NTRK3,2,-0.803,0.002908
P00390,GSR,6,-0.803,0.000412
Q9H4M9,EHD1,6,-0.809,0.000647
P21860,ERBB3,24,-0.81,0.006202
Q7KZI7,MARK2,12,-0.81,0.000622
P41217,CD200,4,-0.813,0.001516
Q9NRU3,CNNM1,2,-0.814,0.021318
Q16850,CYP51A1,17,-0.816,0.000772
P51805,PLXNA3,20,-0.817,0.003665
Q8ND76,CCNY,8,-0.82,0.000499
O75326,SEMA7A,3,-0.823,0.154347
P08754,GNAI3,6,-0.828,0.000509
Q9UN70,PCDHGC3,6,-0.828,0.110335
P53794,SLC5A3,9,-0.837,0.00111
Q01484,ANK2,8,-0.84,0.001661
Q14964,RAB39A,4,-0.842,0.000658
Q9ULP9,TBC1D24,4,-0.843,0.000515
Q9H910,JPT2,6,-0.845,0.000187
Q5T3F8,TMEM63B,11,-0.848,0.000311
P62993,GRB2,15,-0.853,0.000251
Q96BS2,TESC,2,-0.854,0.001607
Q9NZW5,MPP6,34,-0.858,0.000725
Q9UKZ4,TENM1,2,-0.859,0.03845
Q12955,ANK3,39,-0.861,0.000372
P32856,STX2,4,-0.862,0.000204
Q9NZ09,UBAP1,7,-0.873,0.000456
Q9HBM0,VEZT,10,-0.876,0.002127
Q14642,INPP5A,8,-0.877,0.000257
P61266,STX1B,3,-0.878,0.000289
Q96SB4,SRPK1,6,-0.88,0.000187
P09429,HMGB1,5,-0.881,0.003795
Q00536,CDK16,2,-0.881,0.000382
Q8WZ73,RFFL,4,-0.887,0.000248
Q9Y508,RNF114,5,-0.89,0.000203
Q9NP58,ABCB6,20,-0.892,0.000165
P08238,HSP90AB1,42,-0.893,0.001524
Q8N4T4,ARHGEF39,7,-0.895,0.002319
P11362,FGFR1,18,-0.897,0.000393
Q13492,PICALM,15,-0.898,0.000233
P50148,GNAQ,4,-0.903,0.005939
Q8N6H7,ARFGAP2,14,-0.906,0.000367
P84085,ARF5,7,-0.908,0.001935
Q9P244,LRFN1,10,-0.908,0.000601
Q99808,SLC29A1,15,-0.908,0.000294
Q8NBJ4,GOLM1,20,-0.915,0.006716
P08183,ABCB1,7,-0.916,0.000064
O15357,INPPL1,22,-0.916,0.000256
Q9NPG1,FZD3,11,-0.917,0.001927
Q9C0H2,TTYH3,10,-0.92,0.000229
Q9Y4G8,RAPGEF2,4,-0.921,0.000104
Q9ULC3,RAB23,6,-0.926,0.000207
P30520,ADSS,10,-0.927,0.000085
Q99829,CPNE1,6,-0.928,0.000799
Q9P2J2,IGSF9,6,-0.931,0.000837
Q01968,OCRL,13,-0.935,0.000461
P00519,ABL1,6,-0.936,0.000147
P61077,UBE2D3,2,-0.937,0.000707
P48426,PIP4K2A,2,-0.939,0.000409
P25098,GRK2,3,-0.939,0.000297
O14827,RASGRF2,2,-0.942,0.02563
P50579,METAP2,5,-0.949,0.001984
P33527,ABCC1,89,-0.951,0.000368
Q99677,LPAR4,2,-0.952,0.000071
P29074,PTPN4,2,-0.957,0.000097
O75116,ROCK2,40,-0.958,0.000114
Q93052,LPP,8,-0.959,0.000222
Q9UBT7,CTNNAL1,18,-0.965,0.000865
O43813,LANCL1,4,-0.969,0.000209
Q9UN74,PCDHA4,3,-0.969,0.042563
Q9H3Q1,CDC42EP4,7,-0.971,0.000113
Q96RF0,SNX18,7,-0.972,0.000336
Q00587,CDC42EP1,5,-0.974,0.000922
Q5ZPR3,CD276,11,-0.974,0.00024
O43150,ASAP2,6,-0.976,0.000094
Q8N608,DPP10,9,-0.976,0.000062
Q13158,FADD,3,-0.979,0.000526
P35052,GPC1,13,-0.982,0.375602
Q9Y4H2,IRS2,6,-0.983,0.000968
Q5TCQ9,MAGI3,3,-0.984,0.00032
Q8NF37,LPCAT1,14,-0.986,0.000239
Q9Y5V3,MAGED1,10,-0.988,0.002242
Q6PJF5,RHBDF2,9,-0.996,0.00005
Q8WXG9,ADGRV1,21,-1.001,0.003284
P07947,YES1,13,-1.005,0.000111
P10253,GAA,9,-1.009,0.000106
O96019,ACTL6A,6,-1.01,0.000121
Q15223,NECTIN1,24,-1.01,0.000744
Q96FE5,LINGO1,12,-1.011,0.008191
O00186,STXBP3,23,-1.012,0.000344
Q99497,PARK7,11,-1.012,0.000129
Q8IXQ5,KLHL7,2,-1.019,0.000119
Q04760,GLO1,3,-1.02,0.003748
Q9H9A6,LRRC40,16,-1.023,0.000055
Q9Y4C0,NRXN3,2,-1.025,0.003934
O00213,APBB1,3,-1.026,0.000204
P41240,CSK,8,-1.027,0.000074
P22223,CDH3,21,-1.028,0.010624
Q05682,CALD1,17,-1.028,0.000132
Q8N5I2,ARRDC1,3,-1.029,0.000226
Q13574,DGKZ,9,-1.029,0.000031
Q12797,ASPH,16,-1.03,0.00323
P61586,RHOA,3,-1.033,0.000215
Q8N441,FGFRL1,4,-1.033,0.113277
Q9HBA0,TRPV4,4,-1.043,0.00463
Q96NR3,PTCHD1,4,-1.044,0.000095
Q8NHG8,ZNRF2,3,-1.045,0.000358
Q12891,HYAL2,4,-1.046,0.000173
Q86YD1,PTOV1,2,-1.047,0.001035
Q8TEW0,PARD3,25,-1.053,0.00007
Q86W92,PPFIBP1,14,-1.056,0.000069
Q9P273,TENM3,94,-1.056,0.000955
P78352,DLG4,7,-1.059,0.000123
Q8TCT0,CERK,4,-1.063,0.000076
P10909,CLU,8,-1.063,0.000753
O14514,ADGRB1,7,-1.074,0.000031
O94910,ADGRL1,29,-1.076,0.019078
Q9Y6X5,ENPP4,3,-1.083,0.001847
O95057,DIRAS1,2,-1.088,0.000079
Q14832,GRM3,3,-1.089,0.00247
Q8J025,APCDD1,2,-1.093,0.000056
P55287,CDH11,2,-1.094,0.17667
P43007,SLC1A4,10,-1.109,0.002099
Q8N1I0,DOCK4,21,-1.116,0.000025
P63000,RAC1,5,-1.116,0.000043
Q9NX57,RAB20,6,-1.116,0.000114
O43739,CYTH3,2,-1.116,0.000078
P42574,CASP3,2,-1.117,0.000061
Q9H0W5,CCDC8,17,-1.119,0.000099
P54753,EPHB3,10,-1.122,0.000172
P51654,GPC3,16,-1.123,0.231532
P36021,SLC16A2,7,-1.128,0.000063
O14640,DVL1,8,-1.128,0.000149
Q96I99,SUCLG2,7,-1.135,0.000016
Q8IW52,SLITRK4,17,-1.136,0.000145
Q86SQ0,PHLDB2,9,-1.139,0.000081
P32241,VIPR1,4,-1.139,0.000107
Q7Z5N4,SDK1,25,-1.144,0.000031
Q9UPN3,MACF1,47,-1.151,0.000031
Q9Y5Y6,ST14,12,-1.151,0.004331
P11717,IGF2R,51,-1.152,0.000053
O00264,PGRMC1,7,-1.152,0.000068
Q9H223,EHD4,23,-1.161,0.000045
P51828,ADCY7,4,-1.164,0.000099
Q99720,SIGMAR1,3,-1.169,0.000008
P29320,EPHA3,3,-1.178,0.001109
P46821,MAP1B,33,-1.179,0.000024
Q6UWE0,LRSAM1,14,-1.18,0.000047
Q14524,SCN5A,2,-1.186,0.00055
Q9BX79,STRA6,9,-1.188,0.000049
Q99678,GPR20,2,-1.188,0.000057
P04899,GNAI2,8,-1.192,0.000038
P54764,EPHA4,20,-1.194,0.000708
Q9HCG7,GBA2,3,-1.195,0.000023
Q9H8M5,CNNM2,24,-1.202,0.000041
Q9BXS9,SLC26A6,27,-1.206,0.000036
Q99569,PKP4,22,-1.209,0.000132
P62873,GNB1,5,-1.212,0.000038
Q68EM7,ARHGAP17,7,-1.213,0.000085
O60779,SLC19A2,6,-1.223,0.00005
P36897,TGFBR1,14,-1.225,0.000008
P01911,HLA-DRB1,2,-1.239,0.000017
Q31612,HLA-B,2,-1.243,0.000021
Q9BSJ8,ESYT1,30,-1.252,0.000036
Q9BYG5,PARD6B,7,-1.256,0.00002
Q12923,PTPN13,47,-1.257,0.000103
P21579,SYT1,3,-1.258,0.000017
Q9NQX5,NPDC1,3,-1.26,0.001142
Q9HBU6,ETNK1,2,-1.261,0.000005
P17677,GAP43,6,-1.262,0.000017
Q99755,PIP5K1A,14,-1.263,0.000017
Q9ULF5,SLC39A10,25,-1.273,0.053999
Q9Y5E7,PCDHB2,4,-1.274,0.034684
Q9Y5X1,SNX9,9,-1.277,0.000009
Q14699,RFTN1,7,-1.279,0.000122
Q5JWF2,GNAS,15,-1.284,0.00002
Q92556,ELMO1,5,-1.291,0.000011
Q86UF1,TSPAN33,4,-1.293,0.00003
Q9UJU6,DBNL,15,-1.3,0.000006
O75923,DYSF,26,-1.301,0.000182
O95279,KCNK5,4,-1.305,0.000474
Q16760,DGKD,6,-1.307,0.000016
P98155,VLDLR,20,-1.316,0.000453
Q06418,TYRO3,28,-1.317,0.000538
Q05397,PTK2,8,-1.318,0.000008
P35916,FLT4,3,-1.318,0.000064
O15439,ABCC4,69,-1.337,0.000014
Q5BJF2,TMEM97,3,-1.339,0.000007
Q96F81,DISP1,17,-1.339,0.000058
Q9H2M9,RAB3GAP2,36,-1.349,0.00001
Q9UEY8,ADD3,3,-1.354,0.000007
Q5JTC6,AMER1,4,-1.358,0.00004
Q04912,MST1R,9,-1.36,0.000012
P30825,SLC7A1,8,-1.36,0.000005
Q6IE81,JADE1,2,-1.362,0.000006
Q5W0Z9,ZDHHC20,9,-1.366,0.000004
O75954,TSPAN9,5,-1.367,0.000006
Q6UWB1,IL27RA,8,-1.371,0.00001
P50895,BCAM,31,-1.372,0.000022
Q13444,ADAM15,8,-1.376,0.000027
Q9Y6N7,ROBO1,55,-1.378,0.000143
Q96TA1,NIBAN2,16,-1.378,0.000027
P10114,RAP2A,3,-1.382,0.000004
P12814,ACTN1,17,-1.383,0.000019
Q13563,PKD2,4,-1.386,0.000019
Q9Y5S2,CDC42BPB,56,-1.388,0.000007
Q13705,ACVR2B,12,-1.39,0.000038
P34925,RYK,2,-1.391,0.000089
Q8IWK6,ADGRA3,23,-1.396,0.000047
Q13153,PAK1,3,-1.397,0.000009
O95622,ADCY5,4,-1.403,0.000007
O00299,CLIC1,10,-1.406,0.000016
P23229,ITGA6,70,-1.407,0.000008
Q9H313,TTYH1,3,-1.412,0.000003
Q9ULV3,CIZ1,3,-1.413,0.000004
Q14517,FAT1,73,-1.413,0.092435
Q99835,SMO,7,-1.417,0.000003
Q9UIW2,PLXNA1,56,-1.418,0.000033
Q92896,GLG1,24,-1.419,0.000047
P49327,FASN,110,-1.419,0.000009
P32004,L1CAM,46,-1.421,0.000055
P26038,MSN,22,-1.426,0.000002
Q9UHE8,STEAP1,3,-1.436,0.000005
Q14571,ITPR2,12,-1.438,0.000006
P98160,HSPG2,7,-1.439,0.00185
P11166,SLC2A1,15,-1.445,0.000016
Q15283,RASA2,17,-1.447,0.000007
Q13454,TUSC3,3,-1.449,0.000003
P51157,RAB28,5,-1.452,0.000065
Q14254,FLOT2,14,-1.453,0.000005
P60712,ACTB,17,-1.456,0.000022
O95136,S1PR2,2,-1.456,0.000039
O60610,DIAPH1,30,-1.471,0.000002
P50552,VASP,8,-1.474,0.000004
Q13564,NAE1,11,-1.475,0.000004
P55196,AFDN,76,-1.48,0.000005
Q9UKW4,VAV3,2,-1.481,0.000007
O60503,ADCY9,33,-1.485,0.000018
O14490,DLGAP1,3,-1.488,0.000008
P56937,HSD17B7,9,-1.497,0.000005
Q8IUI8,CRLF3,2,-1.497,0.000065
P05556,ITGB1,42,-1.508,0.000002
Q96JA1,LRIG1,27,-1.517,0.000017
P56747,CLDN6,5,-1.517,0.000007
P08648,ITGA5,22,-1.529,0.000032
Q9H329,EPB41L4B,10,-1.538,0.000004
O14817,TSPAN4,3,-1.538,0.000005
P11169,SLC2A3,21,-1.54,0.000013
Q9Y4J8,DTNA,6,-1.543,0.000012
P08670,VIM,3,-1.551,0.000004
Q9HCM2,PLXNA4,2,-1.558,0.000009
P08237,PFKM,26,-1.559,0.000003
Q9Y6M7,SLC4A7,64,-1.562,0.000007
Q9NYQ7,CELSR3,26,-1.562,0.000097
Q9BRK0,REEP2,2,-1.579,0.001281
Q08289,CACNB2,4,-1.583,0.000012
Q96RU3,FNBP1,8,-1.586,0.000001
Q02246,CNTN2,6,-1.586,0.000006
P42658,DPP6,12,-1.587,0.000002
P35611,ADD1,11,-1.59,0.000001
Q16643,DBN1,21,-1.591,0.000001
Q08345,DDR1,28,-1.597,0.000424
Q8IY26,PLPP6,3,-1.598,0.000052
Q9H4M7,PLEKHA4,4,-1.602,0.000019
Q96T49,PPP1R16B,2,-1.603,0.000002
Q6PJG9,LRFN4,5,-1.606,0.000015
Q9H2E6,SEMA6A,38,-1.612,0.009664
P26006,ITGA3,27,-1.615,0.000008
P26232,CTNNA2,4,-1.615,0.000099
Q9ULZ9,MMP17,4,-1.616,0.001109
Q96B86,RGMA,5,-1.619,0.025314
Q6N022,TENM4,28,-1.622,0.000021
Q7Z3B1,NEGR1,3,-1.622,0.000024
Q16512,PKN1,17,-1.625,0.000002
Q8N158,GPC2,7,-1.627,0.02509
P18206,VCL,38,-1.634,0.000144
Q13464,ROCK1,52,-1.636,0.000002
A7MBM2,DISP2,5,-1.636,0.000196
Q8NFP9,NBEA,15,-1.639,0.000002
Q15758,SLC1A5,22,-1.653,0.000001
Q02750,MAP2K1,3,-1.655,0.000001
Q9BZA7,PCDH11X,13,-1.656,0.00003
Q8N350,CBARP,20,-1.662,0.000004
P41743,PRKCI,11,-1.675,0.000002
Q9BRK5,SDF4,9,-1.684,0.000179
Q15942,ZYX,14,-1.686,0.000003
Q9ULK5,VANGL2,3,-1.695,0.000001
Q8N392,ARHGAP18,2,-1.702,0.000277
O95180,CACNA1H,10,-1.708,0.000005
O75167,PHACTR2,4,-1.709,0
Q9Y5F9,PCDHGB6,8,-1.717,0.008262
P58549,FXYD7,2,-1.72,0.000007
P35612,ADD2,13,-1.722,0
Q9Y490,TLN1,92,-1.731,0.000001
Q13591,SEMA5A,3,-1.733,0.000715
O15394,NCAM2,11,-1.741,0.000001
Q92673,SORL1,55,-1.742,0.000001
Q13477,MADCAM1,3,-1.752,0.000052
P20936,RASA1,20,-1.755,0.000002
O14936,CASK,38,-1.762,0.000001
P30874,SSTR2,2,-1.762,0.000001
Q96A83,COL26A1,3,-1.768,0.000053
Q14244,MAP7,14,-1.781,0.000001
Q12959,DLG1,24,-1.785,0.000001
O94991,SLITRK5,10,-1.79,0.000002
Q9UMF0,ICAM5,2,-1.792,0.000747
Q16880,UGT8,5,-1.793,0.000001
Q86T13,CLEC14A,3,-1.794,0.000002
Q9Y2Q0,ATP8A1,5,-1.796,0.000001
Q96T83,SLC9A7,13,-1.803,0.000001
Q14982,OPCML,2,-1.82,0.000001
Q9BYT8,NLN,11,-1.821,0.000023
Q9NRY4,ARHGAP35,8,-1.829,0
Q14162,SCARF1,9,-1.83,0.000002
A6NDB9,PALM3,17,-1.832,0.000003
P25929,NPY1R,2,-1.836,0.000005
Q9Y696,CLIC4,9,-1.837,0.000006
O60346,PHLPP1,6,-1.839,0
Q92738,USP6NL,5,-1.845,0
O00291,HIP1,38,-1.846,0.000001
P35568,IRS1,2,-1.848,0.000032
O00750,PIK3C2B,22,-1.848,0.000001
P24394,IL4R,4,-1.852,0.000003
O43306,ADCY6,15,-1.862,0.000007
Q9H2S1,KCNN2,3,-1.872,0.000001
Q96RD7,PANX1,15,-1.875,0.000001
Q8TCZ2,CD99L2,2,-1.877,0.001852
Q8WY07,SLC7A3,9,-1.88,0.000001
Q8TBJ4,PLPPR1,2,-1.889,0.000001
O15075,DCLK1,6,-1.899,0.000002
P60763,RAC3,3,-1.9,0
O00192,ARVCF,31,-1.908,0.000001
Q6P1M3,LLGL2,17,-1.914,0.000005
Q70Z35,PREX2,9,-1.921,0.000001
Q8NFX7,STXBP6,4,-1.926,0
Q04721,NOTCH2,22,-1.93,0.000002
Q9Y5H3,PCDHGA10,3,-1.934,0.010475
Q96PD2,DCBLD2,22,-1.94,0.022856
Q969P0,IGSF8,17,-1.949,0.000001
Q6EMK4,VASN,13,-1.954,0.000465
Q29983,MICA,6,-1.957,0.004192
Q9UM47,NOTCH3,10,-1.958,0.000001
Q4KMG0,CDON,8,-1.969,0.00012
P08138,NGFR,6,-1.97,0.000002
Q96JQ0,DCHS1,10,-1.975,0.000118
P56199,ITGA1,35,-1.977,0.000002
Q16348,SLC15A2,2,-1.985,0.000001
Q92963,RIT1,3,-1.991,0.000005
P08581,MET,32,-1.997,0.000026
P55283,CDH4,8,-1.999,0.000031
P17081,RHOQ,2,-2.006,0.000001
Q9ULL4,PLXNB3,2,-2.009,0.000007
Q14644,RASA3,14,-2.009,0
Q13433,SLC39A6,12,-2.013,0.000015
Q9H3S1,SEMA4A,3,-2.022,0.053999
P09543,CNP,26,-2.027,0.000001
Q15334,LLGL1,29,-2.028,0
P22681,CBL,15,-2.041,0
Q9NZ08,ERAP1,14,-2.046,0
Q96ES6,MFSD3,2,-2.05,0
Q8TDW0,LRRC8C,13,-2.052,0.000001
O43491,EPB41L2,42,-2.053,0
O60603,TLR2,3,-2.055,0.000001
O15427,SLC16A3,8,-2.061,0.000002
P32942,ICAM3,16,-2.068,0
O15197,EPHB6,6,-2.07,0.000001
P17655,CAPN2,3,-2.085,0.000006
P16444,DPEP1,5,-2.088,0
P23470,PTPRG,46,-2.095,0.000059
P20309,CHRM3,8,-2.101,0
O15020,SPTBN2,20,-2.102,0
Q7Z2K8,GPRIN1,20,-2.102,0.000001
P98172,EFNB1,11,-2.106,0.000005
Q9Y4C2,TCAF1,8,-2.107,0
O94813,SLIT2,8,-2.116,0.007257
Q8WXS5,CACNG8,9,-2.129,0.000021
Q9UBG0,MRC2,19,-2.138,0
Q9NRY6,PLSCR3,2,-2.14,0
Q9Y5L3,ENTPD2,5,-2.141,0.000014
Q9BQG1,SYT3,2,-2.157,0
Q5IJ48,CRB2,10,-2.158,0.000001
P04406,GAPDH,32,-2.159,0
Q03113,GNA12,3,-2.169,0
P51178,PLCD1,15,-2.174,0.000001
P31323,PRKAR2B,5,-2.176,0
Q9H2H9,SLC38A1,11,-2.18,0
Q13491,GPM6B,2,-2.183,0
P50443,SLC26A2,14,-2.185,0
Q9UP38,FZD1,3,-2.196,0
Q8NFZ4,NLGN2,12,-2.203,0.00002
Q96PE5,OPALIN,2,-2.207,0.000941
P16150,SPN,7,-2.211,0
P11171,EPB41,28,-2.226,0
Q8N8S7,ENAH,5,-2.231,0.000001
O14745,SLC9A3R1,23,-2.233,0.000001
P78356,PIP4K2B,5,-2.239,0
O14763,TNFRSF10B,7,-2.251,0.000001
O75955,FLOT1,11,-2.253,0
Q8NFZ8,CADM4,8,-2.267,0.000002
Q13308,PTK7,51,-2.302,0
Q8NA29,MFSD2A,4,-2.309,0
Q6P9F7,LRRC8B,17,-2.321,0.000001
Q9NT99,LRRC4B,20,-2.324,0
Q9BY67,CADM1,18,-2.334,0
Q14168,MPP2,11,-2.338,0
P19086,GNAZ,7,-2.339,0.000001
Q9UN73,PCDHA6,2,-2.342,0.009689
Q8TDY8,IGDCC4,15,-2.345,0.000001
Q9Y6I3,EPN1,20,-2.345,0
O60266,ADCY3,29,-2.349,0
Q86SJ2,AMIGO2,7,-2.354,0
Q96QD8,SLC38A2,6,-2.355,0.000001
Q13797,ITGA9,20,-2.371,0
Q9BZQ8,NIBAN1,16,-2.376,0
Q86UT6,NLRX1,4,-2.381,0
Q6ZUX7,LHFPL2,3,-2.402,0.000002
Q96FN4,CPNE2,6,-2.405,0.000002
Q92854,SEMA4D,23,-2.407,0.027127
Q9UHC6,CNTNAP2,5,-2.41,0.000001
Q9BTN0,LRFN3,6,-2.412,0.000001
Q8WWN8,ARAP3,20,-2.416,0
Q8N126,CADM3,4,-2.432,0.000002
P20023,CR2,9,-2.433,0.000001
P01133,EGF,2,-2.448,0.002673
Q4KWH8,PLCH1,24,-2.458,0
P40145,ADCY8,8,-2.462,0
P35968,KDR,22,-2.501,0
P17301,ITGA2,37,-2.501,0.000001
Q5EBL8,PDZD11,3,-2.516,0
P07384,CAPN1,31,-2.525,0
P48066,SLC6A11,2,-2.527,0
Q5T7P8,SYT6,6,-2.546,0
O95864,FADS2,18,-2.547,0
P40967,PMEL,8,-2.582,0
Q9Y2J2,EPB41L3,8,-2.583,0
P12931,SRC,9,-2.584,0
P07204,THBD,2,-2.596,0.00007
O76062,TM7SF2,3,-2.6,0.000001
Q9P289,STK26,10,-2.609,0
P51153,RAB13,13,-2.611,0
Q07065,CKAP4,26,-2.617,0
Q8TDW7,FAT3,84,-2.62,0.011933
P57087,JAM2,4,-2.621,0
P78357,CNTNAP1,15,-2.627,0.000001
P53985,SLC16A1,12,-2.64,0
Q9Y4F9,RIPOR2,3,-2.642,0.000006
P10301,RRAS,3,-2.644,0.000009
P04626,ERBB2,40,-2.645,0.000001
P08069,IGF1R,52,-2.652,0
Q9BZR6,RTN4R,3,-2.659,0.026059
Q8N2Q7,NLGN1,9,-2.662,0
P23352,ANOS1,17,-2.665,0.020814
Q13585,GPR50,7,-2.676,0
Q5SZK8,FREM2,117,-2.689,0.031559
Q7Z628,NET1,2,-2.692,0.000001
P23468,PTPRD,28,-2.694,0.000001
P63096,GNAI1,4,-2.695,0
Q92859,NEO1,61,-2.711,0.001443
P61769,B2M,3,-2.723,0
Q86UN3,RTN4RL2,7,-2.75,0.014773
Q9Y6Q6,TNFRSF11A,5,-2.782,0
Q13332,PTPRS,14,-2.79,0.018249
P51674,GPM6A,2,-2.792,0
Q8N7R7,CCNYL1,6,-2.799,0
Q9UQ49,NEU3,6,-2.833,0
P29966,MARCKS,9,-2.84,0
Q9HCK4,ROBO2,27,-2.84,0
O43157,PLXNB1,52,-2.86,0
P54762,EPHB1,16,-2.88,0
P78324,SIRPA,12,-2.883,0
P78552,IL13RA1,7,-2.888,0
Q8NCB2,CAMKV,18,-2.888,0
Q9UKE5,TNIK,21,-2.896,0
P18089,ADRA2B,6,-2.904,0
Q92485,SMPDL3B,17,-2.905,0
Q8WUG5,SLC22A17,3,-2.905,0
Q6UXZ4,UNC5D,11,-2.916,0
P17252,PRKCA,11,-2.926,0
P17948,FLT1,18,-2.926,0.000184
Q9P0K1,ADAM22,11,-2.933,0
P51511,MMP15,16,-2.935,0.005746
P14209,CD99,2,-2.949,0
P41586,ADCYAP1R1,4,-2.969,0
O14975,SLC27A2,2,-2.994,0
Q6T4P5,PLPPR3,7,-3.006,0
Q969I6,SLC38A4,5,-3.051,0
P23276,KEL,3,-3.088,0.000001
Q6UVK1,CSPG4,64,-3.094,0.003403
Q14439,GPR176,10,-3.101,0
Q13683,ITGA7,32,-3.11,0
P09471,GNAO1,9,-3.116,0
P50150,GNG4,2,-3.117,0
Q9NQS3,NECTIN3,15,-3.152,0
Q9NRJ7,PCDHB16,3,-3.175,0.000522
P49006,MARCKSL1,7,-3.185,0
Q08174,PCDH1,36,-3.187,0.004792
P20594,NPR2,24,-3.231,0
Q9Y6R1,SLC4A4,13,-3.239,0
Q8IVU1,IGDCC3,16,-3.25,0.000008
P19022,CDH2,22,-3.264,0
Q14114,LRP8,23,-3.276,0
Q9UPX8,SHANK2,33,-3.28,0
Q08431,MFGE8,14,-3.298,0.000001
Q9Y3Q4,HCN4,15,-3.303,0
P01891,HLA-A,4,-3.313,0
O94856,NFASC,18,-3.356,0
P29323,EPHB2,29,-3.375,0
Q13740,ALCAM,35,-3.379,0
P34741,SDC2,8,-3.388,0
O43424,GRID2,33,-3.412,0
P51512,MMP16,8,-3.422,0.000003
Q9H2J7,SLC6A15,7,-3.434,0
Q9UBN6,TNFRSF10D,5,-3.444,0
P14415,ATP1B2,7,-3.455,0
Q96QZ7,MAGI1,29,-3.458,0
Q5VZK9,CARMIL1,48,-3.503,0
Q86Y22,COL23A1,2,-3.513,0
P13612,ITGA4,21,-3.514,0
Q9NPA2,MMP25,8,-3.517,0.000004
O75056,SDC3,3,-3.529,0.000106
O00220,TNFRSF10A,8,-3.53,0
Q9Y4F1,FARP1,28,-3.543,0
P32418,SLC8A1,14,-3.544,0
Q9H6X2,ANTXR1,21,-3.562,0
Q9ULB1,NRXN1,24,-3.586,0
P21709,EPHA1,28,-3.596,0.00001
Q4V9L6,TMEM119,6,-3.603,0
Q86UL8,MAGI2,12,-3.629,0
Q16555,DPYSL2,18,-3.669,0
P57729,RAB38,2,-3.683,0
Q8TD20,SLC2A12,5,-3.683,0
Q9UIJ5,ZDHHC2,3,-3.685,0
O94933,SLITRK3,5,-3.698,0
P63215,GNG3,3,-3.715,0
Q8IVF7,FMNL3,12,-3.741,0
Q9H3T3,SEMA6B,10,-3.752,0
Q12860,CNTN1,26,-3.784,0
O75487,GPC4,27,-3.787,0.000009
P29317,EPHA2,39,-3.824,0
O14910,LIN7A,4,-3.828,0
Q8NFT2,STEAP2,2,-3.833,0
O75084,FZD7,7,-3.833,0
Q13449,LSAMP,4,-3.871,0
P08913,ADRA2A,5,-3.878,0
Q8WUX1,SLC38A5,12,-3.884,0
P43005,SLC1A1,12,-3.895,0
P06239,LCK,13,-3.914,0
Q9NZ94,NLGN3,15,-3.971,0.000017
P24530,EDNRB,8,-3.98,0
P13591,NCAM1,37,-3.998,0
Q9Y625,GPC6,19,-4.009,0
Q5XXA6,ANO1,26,-4.048,0
Q9UGN4,CD300A,4,-4.052,0
Q8N0W4,NLGN4X,6,-4.115,0.000001
Q14332,FZD2,6,-4.125,0
Q7L0J3,SV2A,13,-4.133,0
P47900,P2RY1,6,-4.182,0
P09619,PDGFRB,28,-4.2,0
P18827,SDC1,7,-4.261,0
P05771,PRKCB,2,-4.273,0.000062
Q08462,ADCY2,27,-4.305,0
Q9P121,NTM,3,-4.359,0
Q9BQS7,HEPH,19,-4.378,0
Q13642,FHL1,3,-4.378,0
O14525,ASTN1,31,-4.389,0
P35590,TIE1,3,-4.465,0
Q9UIG8,SLCO3A1,6,-4.498,0
P50993,ATP1A2,44,-4.528,0
P28472,GABRB3,11,-4.608,0
P30530,AXL,23,-4.635,0
P34903,GABRA3,13,-4.685,0
P16066,NPR1,32,-4.7,0
Q10589,BST2,5,-4.71,0.000001
O00592,PODXL,29,-4.719,0
Q9Y3P8,SIT1,4,-4.766,0
Q6PCB8,EMB,11,-4.771,0
Q01973,ROR1,33,-4.779,0
Q8N3J6,CADM2,11,-4.779,0
P01893,HLA-H,2,-4.785,0
P31644,GABRA5,8,-4.833,0
Q53GD3,SLC44A4,3,-4.851,0
P23471,PTPRZ1,66,-5.062,0
Q9ULX7,CA14,11,-5.121,0
Q8IYJ0,PIANP,3,-5.538,0
P04216,THY1,3,-5.713,0
